Bell No,Actual Time,Contest Model,HawkEar Model,RWP Model,Metronomic Model
1,1990,1990,1990,2023.52,1990
2,2310,2291.82,2291.82,2316.82,2277.87
3,2680,2593.64,2593.64,2610.12,2565.74
4,2850,2895.45,2895.45,2903.42,2853.61
5,3150,3197.27,3197.27,3196.72,3141.49
6,3460,3499.09,3499.09,3490.02,3429.36
1,3770,3800.91,3800.91,3783.32,3717.23
2,4070,4102.73,4102.73,4076.62,4005.1
3,4380,4404.55,4404.55,4369.92,4292.97
4,4680,4706.36,4706.36,4663.21,4580.84
5,4990,5008.18,5008.18,4956.51,4868.71
6,5310,5310,5310,5249.81,5156.58
1,5800,5841.94,5856.97,5849.35,5732.33
2,6120,6137.92,6150.97,6142.65,6020.2
3,6440,6433.9,6444.98,6435.95,6308.07
4,6680,6729.88,6738.98,6729.25,6595.94
5,7010,7025.86,7032.99,7022.55,6883.81
6,7340,7321.84,7327,7315.85,7171.68
1,7650,7617.82,7621,7609.15,7459.55
2,7920,7913.8,7915.01,7902.45,7747.43
3,8160,8209.78,8209.01,8195.75,8035.3
4,8500,8505.76,8503.02,8489.05,8323.17
5,8810,8801.74,8797.02,8782.35,8611.04
6,9120,9097.72,9091.03,9075.65,8898.91
1,9630,9643.54,9657.67,9662.63,9474.65
2,9920,9938.89,9951.16,9954.43,9762.52
3,10230,10234.2,10244.7,10246.2,10050.4
4,10550,10529.6,10538.2,10538,10338.3
5,10830,10824.9,10831.7,10829.8,10626.1
6,11150,11120.3,11125.1,11121.6,10914
1,11420,11415.7,11418.6,11413.4,11201.9
2,11700,11711,11712.1,11705.2,11489.8
3,11980,12006.4,12005.6,11997,11777.6
4,12310,12301.7,12299.1,12288.8,12065.5
5,12620,12597.1,12592.6,12580.6,12353.4
6,12870,12892.4,12886.1,12872.4,12641.2
1,13450,13446.7,13459.3,13455.5,13217
2,13730,13738.8,13749.8,13746.1,13504.9
3,14050,14031,14040.3,14036.8,13792.7
4,14340,14323.1,14330.8,14327.5,14080.6
5,14600,14615.2,14621.2,14618.2,14368.5
6,14890,14907.3,14911.7,14908.8,14656.3
1,15220,15199.5,15202.2,15199.5,14944.2
2,15480,15491.6,15492.6,15490.2,15232.1
3,15770,15783.7,15783.1,15780.8,15520
4,16100,16075.9,16073.6,16071.5,15807.8
5,16370,16368,16364.1,16362.2,16095.7
6,16650,16660.1,16654.5,16652.9,16383.6
1,17170,17216.7,17234.5,17226.5,16959.3
2,17510,17509.9,17525,17518.1,17247.2
3,17830,17803.1,17815.5,17809.6,17535
4,18120,18096.2,18105.9,18101.2,17822.9
5,18400,18389.4,18396.4,18392.7,18110.8
6,18670,18682.6,18686.9,18684.2,18398.7
1,18990,18975.7,18977.3,18975.8,18686.5
2,19260,19268.9,19267.8,19267.3,18974.4
3,19550,19562.1,19558.3,19558.8,19262.3
4,19860,19855.2,19848.7,19850.4,19550.1
5,20150,20148.4,20139.2,20141.9,19838
6,20450,20441.6,20429.7,20433.5,20125.9
1,21000,21010,21023.8,21036.4,20701.6
2,21330,21305.1,21314.7,21327.8,20989.5
3,21620,21600.3,21605.6,21619.2,21277.4
4,21910,21895.5,21896.5,21910.6,21565.2
5,22190,22190.7,22187.4,22202.1,21853.1
6,22450,22485.9,22478.2,22493.5,22141
1,22810,22781,22769.1,22784.9,22428.9
2,23110,23076.2,23060,23076.3,22716.7
3,23380,23371.4,23350.9,23367.7,23004.6
4,23670,23666.6,23641.7,23659.1,23292.5
5,23940,23961.7,23932.6,23950.5,23580.3
6,24260,24256.9,24223.5,24241.9,23868.2
1,24780,24801.4,24808.1,24817.4,24444
2,25080,25094.7,25099.1,25107.2,24731.8
3,25390,25388,25390.1,25397.1,25019.7
4,25700,25681.3,25681.1,25687,25307.6
5,25960,25974.6,25972,25976.9,25595.4
6,26250,26267.8,26263,26266.7,25883.3
1,26600,26561.1,26554,26556.6,26171.2
2,26890,26854.4,26845,26846.5,26459.1
3,27160,27147.7,27135.9,27136.3,26746.9
4,27450,27440.9,27426.9,27426.2,27034.8
5,27700,27734.2,27717.9,27716.1,27322.7
6,27980,28027.5,28008.8,28006,27610.5
1,28580,28574.7,28586.7,28590.4,28186.3
2,28870,28867.2,28877.6,28879.6,28474.2
3,29160,29159.7,29168.4,29168.7,28762
4,29430,29452.1,29459.3,29457.9,29049.9
5,29740,29744.6,29750.2,29747.1,29337.8
6,30020,30037.1,30041,30036.2,29625.6
1,30350,30329.6,30331.9,30325.4,29913.5
2,30600,30622.1,30622.8,30614.6,30201.4
3,30900,30914.5,30913.6,30903.8,30489.3
4,31210,31207,31204.5,31192.9,30777.1
5,31510,31499.5,31495.4,31482.1,31065
6,31800,31792,31786.2,31771.3,31352.9
1,32280,32332.3,32354.9,32346.2,31928.6
2,32580,32624.8,32645.4,32635,32216.5
3,32890,32917.4,32936,32923.9,32504.4
4,33240,33209.9,33226.5,33212.8,32792.2
5,33510,33502.5,33517,33501.7,33080.1
6,33760,33795,33807.5,33790.6,33368
1,34130,34087.6,34098,34079.4,33655.8
2,34390,34380.1,34388.6,34368.3,33943.7
3,34650,34672.7,34679.1,34657.2,34231.6
4,34960,34965.2,34969.6,34946.1,34519.5
5,35270,35257.8,35260.1,35235,34807.3
6,35560,35550.3,35550.6,35523.8,35095.2
1,36070,36095.8,36118,36108,35670.9
2,36400,36387,36408.1,36396.9,35958.8
3,36690,36678.2,36698.2,36685.7,36246.7
4,36980,36969.4,36988.3,36974.5,36534.6
5,37270,37260.5,37278.4,37263.4,36822.4
6,37570,37551.7,37568.5,37552.2,37110.3
1,37860,37842.9,37858.6,37841.1,37398.2
2,38120,38134.1,38148.7,38129.9,37686
3,38400,38425.3,38438.9,38418.8,37973.9
4,38720,38716.5,38729,38707.6,38261.8
5,39000,39007.6,39019.1,38996.5,38549.7
6,39280,39298.8,39309.2,39285.3,38837.5
2,39860,39851,39874.7,39861,39413.3
1,40160,40141.4,40164.4,40149.9,39701.1
3,40410,40431.8,40454,40438.8,39989
5,40740,40722.3,40743.7,40727.7,40276.9
4,41080,41012.7,41033.4,41016.6,40564.8
6,41280,41303.1,41323.1,41305.5,40852.6
2,41560,41593.5,41612.7,41594.5,41140.5
3,41870,41884,41902.4,41883.4,41428.4
1,42210,42174.4,42192.1,42172.3,41716.2
4,42440,42464.8,42481.7,42461.2,42004.1
5,42770,42755.2,42771.4,42750.1,42292
6,43020,43045.6,43061.1,43039,42579.9
3,43620,43606.4,43632.1,43625.4,43155.6
2,43900,43898,43921.6,43914.1,43443.5
4,44220,44189.6,44211,44202.8,43731.3
1,44480,44481.2,44500.4,44491.5,44019.2
5,44770,44772.8,44789.9,44780.3,44307.1
6,45030,45064.4,45079.3,45069,44595
3,45370,45355.9,45368.8,45357.7,44882.8
4,45620,45647.5,45658.2,45646.4,45170.7
2,45950,45939.1,45947.6,45935.1,45458.6
5,46250,46230.7,46237.1,46223.9,45746.4
1,46550,46522.3,46526.5,46512.6,46034.3
6,46800,46813.9,46815.9,46801.3,46322.2
4,47350,47362.7,47384.5,47369.5,46897.9
3,47680,47653.7,47673.7,47659,47185.8
5,47960,47944.6,47962.8,47948.5,47473.7
2,48210,48235.5,48252,48237.9,47761.5
1,48530,48526.5,48541.1,48527.4,48049.4
6,48800,48817.4,48830.3,48816.9,48337.3
4,49060,49108.4,49119.4,49106.4,48625.1
5,49430,49399.3,49408.6,49395.9,48913
3,49680,49690.3,49697.7,49685.4,49200.9
1,50030,49981.2,49986.8,49974.9,49488.8
2,50280,50272.2,50276,50264.4,49776.6
6,50530,50563.1,50565.1,50553.8,50064.5
5,51150,51131.2,51148.2,51155.6,50640.2
4,51480,51423.5,51437.5,51444.6,50928.1
1,51740,51715.7,51726.8,51733.6,51216
3,51990,52008,52016.1,52022.6,51503.9
2,52290,52300.3,52305.4,52311.5,51791.7
6,52570,52592.6,52594.7,52600.5,52079.6
5,52860,52884.9,52884,52889.5,52367.5
1,53200,53177.2,53173.2,53178.5,52655.3
4,53470,53469.5,53462.5,53467.4,52943.2
2,53820,53761.8,53751.8,53756.4,53231.1
3,54040,54054.1,54041.1,54045.4,53519
6,54330,54346.4,54330.4,54334.4,53806.8
1,54900,54890.6,54900.4,54900.7,54382.6
5,55210,55180,55189.5,55187.8,54670.4
2,55430,55469.4,55478.5,55475,54958.3
4,55790,55758.8,55767.5,55762.1,55246.2
3,56060,56048.3,56056.5,56049.3,55534.1
6,56290,56337.7,56345.6,56336.4,55821.9
1,56650,56627.1,56634.6,56623.6,56109.8
2,56940,56916.5,56923.6,56910.7,56397.7
5,57190,57205.9,57212.6,57197.9,56685.5
3,57480,57495.3,57501.7,57485,56973.4
4,57750,57784.8,57790.7,57772.2,57261.3
6,58070,58074.2,58079.7,58059.3,57549.2
2,58640,58626.8,58644.7,58635.6,58124.9
1,58920,58915.9,58933.4,58922.9,58412.8
5,59200,59205.1,59222,59210.2,58700.6
4,59470,59494.2,59510.6,59497.6,58988.5
3,59800,59783.4,59799.3,59784.9,59276.4
6,60050,60072.5,60087.9,60072.2,59564.3
2,60330,60361.6,60376.6,60359.5,59852.1
5,60660,60650.8,60665.2,60646.8,60140
1,60940,60939.9,60953.9,60934.1,60427.9
3,61250,61229.1,61242.5,61221.4,60715.7
4,61530,61518.2,61531.2,61508.7,61003.6
6,61800,61807.3,61819.8,61796,61291.5
5,62390,62362.4,62385,62372,61867.2
2,62640,62652.1,62673.3,62659.8,62155.1
3,62920,62941.8,62961.6,62947.6,62443
1,63230,63231.4,63249.9,63235.4,62730.8
4,63470,63521.1,63538.2,63523.3,63018.7
6,63780,63810.8,63826.5,63811.1,63306.6
5,64140,64100.4,64114.8,64098.9,63594.5
3,64400,64390.1,64403.1,64386.7,63882.3
2,64700,64679.8,64691.4,64674.6,64170.2
4,64980,64969.4,64979.7,64962.4,64458.1
1,65310,65259.1,65268,65250.2,64745.9
6,65500,65548.8,65556.3,65538,65033.8
3,66160,66109.5,66126.8,66118.7,65609.6
5,66420,66398.8,66414.9,66406.9,65897.4
4,66750,66688.2,66703,66695.2,66185.3
2,66890,66977.5,66991.1,66983.5,66473.2
1,67240,67266.8,67279.3,67271.8,66761
6,67540,67556.2,67567.4,67560,67048.9
3,67860,67845.5,67855.5,67848.3,67336.8
4,68150,68134.8,68143.6,68136.6,67624.7
5,68460,68424.1,68431.7,68424.8,67912.5
1,68720,68713.5,68719.8,68713.1,68200.4
2,69000,69002.8,69007.9,69001.4,68488.3
6,69260,69292.1,69296,69289.7,68776.1
4,69850,69857,69871.5,69876.4,69351.9
3,70190,70146.9,70159.6,70163.4,69639.8
1,70450,70436.9,70447.7,70450.4,69927.6
5,70720,70726.8,70735.8,70737.4,70215.5
2,71080,71016.7,71023.9,71024.5,70503.4
6,71230,71306.6,71312,71311.5,70791.2
4,71590,71596.6,71600.1,71598.5,71079.1
1,71900,71886.5,71888.2,71885.5,71367
3,72170,72176.4,72176.3,72172.6,71654.9
2,72460,72466.4,72464.4,72459.6,71942.7
5,72780,72756.3,72752.5,72746.6,72230.6
6,73040,73046.2,73040.6,73033.6,72518.5
1,73590,73591.9,73604.4,73594.6,73094.2
4,73880,73879.9,73892.2,73881.4,73382.1
3,74180,74167.8,74179.9,74168.1,73670
5,74480,74455.8,74467.6,74454.8,73957.8
2,74660,74743.8,74755.4,74741.6,74245.7
6,75020,75031.8,75043.1,75028.3,74533.6
1,75330,75319.8,75330.8,75315,74821.4
4,75620,75607.7,75618.6,75601.8,75109.3
3,75900,75895.7,75906.3,75888.5,75397.2
2,76190,76183.7,76194,76175.2,75685
5,76460,76471.7,76481.8,76462,75972.9
6,76750,76759.6,76769.5,76748.7,76260.8
4,77350,77323.4,77339.9,77330,76836.5
1,77620,77612.4,77627.5,77618.2,77124.4
3,77920,77901.4,77915.1,77906.4,77412.3
5,78180,78190.4,78202.7,78194.6,77700.1
2,78450,78479.3,78490.3,78482.7,77988
6,78700,78768.3,78777.9,78770.9,78275.9
4,79070,79057.3,79065.4,79059.1,78563.8
3,79370,79346.3,79353,79347.3,78851.6
1,79690,79635.2,79640.6,79635.4,79139.5
2,79910,79924.2,79928.2,79923.6,79427.4
5,80230,80213.2,80215.8,80211.8,79715.2
6,80490,80502.2,80503.4,80500,80003.1
3,81090,81070.5,81082.3,81078,80578.9
4,81430,81360.4,81370,81367.3,80866.7
2,81630,81650.3,81657.8,81656.6,81154.6
1,81950,81940.2,81945.5,81945.9,81442.5
5,82220,82230.1,82233.2,82235.2,81730.3
6,82500,82520,82520.9,82524.5,82018.2
3,82810,82809.9,82808.6,82813.8,82306.1
2,83050,83099.8,83096.3,83103.1,82594
4,83380,83389.7,83384,83392.4,82881.8
5,83700,83679.6,83671.7,83681.7,83169.7
1,84020,83969.5,83959.4,83971,83457.6
6,84250,84259.4,84247.1,84260.3,83745.4
2,84870,84834.7,84837.8,84851.1,84321.2
3,85190,85125.7,85126,85140.3,84609.1
5,85390,85416.6,85414.2,85429.5,84896.9
4,85720,85707.6,85702.3,85718.7,85184.8
1,86000,85998.6,85990.5,86007.9,85472.7
6,86260,86289.6,86278.6,86297.1,85760.5
2,86580,86580.5,86566.8,86586.3,86048.4
5,86890,86871.5,86855,86875.5,86336.3
3,87160,87162.5,87143.1,87164.7,86624.2
1,87480,87453.5,87431.3,87453.9,86912
4,87730,87744.4,87719.4,87743.1,87199.9
6,88030,88035.4,88007.6,88032.3,87487.8
5,88600,88598,88594,88610.7,88063.5
2,88890,88887.8,88882.5,88898.4,88351.4
1,89190,89177.7,89170.9,89186.2,88639.3
3,89470,89467.5,89459.4,89473.9,88927.1
4,89760,89757.3,89747.8,89761.7,89215
6,90040,90047.2,90036.3,90049.5,89502.9
5,90370,90337,90324.8,90337.2,89790.7
1,90640,90626.8,90613.2,90625,90078.6
2,90950,90916.7,90901.7,90912.7,90366.5
4,91190,91206.5,91190.1,91200.5,90654.4
3,91480,91496.3,91478.6,91488.2,90942.2
6,91740,91786.2,91767,91776,91230.1
1,92320,92343.4,92343,92346.7,91805.8
5,92640,92631.9,92631.4,92634.3,92093.7
4,92950,92920.4,92919.9,92921.9,92381.6
2,93210,93209,93208.3,93209.4,92669.5
3,93500,93497.5,93496.7,93497,92957.3
6,93790,93786,93785.1,93784.6,93245.2
1,94070,94074.5,94073.6,94072.1,93533.1
4,94350,94363.1,94362,94359.7,93820.9
5,94640,94651.6,94650.4,94647.2,94108.8
3,94910,94940.1,94938.8,94934.8,94396.7
2,95210,95228.7,95227.2,95222.4,94684.6
6,95550,95517.2,95515.7,95509.9,94972.4
4,96100,96085.3,96090.8,96090.4,95548.2
1,96360,96374,96379.2,96378.5,95836
5,96660,96662.7,96667.6,96666.6,96123.9
2,96980,96951.3,96955.9,96954.7,96411.8
3,97270,97240,97244.3,97242.8,96699.7
6,97500,97528.7,97532.7,97530.9,96987.5
4,97800,97817.4,97821.1,97819.1,97275.4
5,98130,98106,98109.4,98107.2,97563.3
1,98400,98394.7,98397.8,98395.3,97851.1
3,98690,98683.4,98686.2,98683.4,98139
2,98950,98972.1,98974.5,98971.5,98426.9
6,99260,99260.7,99262.9,99259.6,98714.8
5,99840,99830.6,99839.1,99839.6,99290.5
4,100160,100120,100127,100128,99578.4
3,100420,100409,100416,100416,99866.2
1,100680,100699,100704,100704,100154
2,100960,100988,100993,100992,100442
6,101260,101278,101281,101280,100730
5,101570,101567,101569,101568,101018
3,101840,101857,101858,101856,101306
4,102150,102146,102146,102144,101593
2,102430,102435,102434,102433,101881
1,102750,102725,102723,102721,102169
6,103030,103014,103011,103009,102457
3,103540,103578,103587,103579,103033
5,103890,103868,103875,103868,103321
2,104130,104158,104164,104158,103609
4,104450,104447,104452,104447,103896
1,104740,104737,104740,104737,104184
6,105060,105027,105029,105026,104472
3,105330,105317,105317,105316,104760
2,105580,105607,105605,105605,105048
5,105890,105897,105894,105894,105336
1,106170,106187,106182,106184,105624
4,106480,106477,106470,106473,105912
6,106790,106767,106759,106763,106199
2,107340,107344,107349,107363,106775
3,107650,107636,107638,107652,107063
1,107920,107928,107927,107941,107351
5,108210,108220,108216,108231,107639
4,108540,108512,108505,108520,107927
6,108740,108804,108793,108809,108215
2,109130,109096,109082,109099,108502
1,109460,109388,109371,109388,108790
3,109680,109680,109660,109678,109078
4,109990,109972,109948,109967,109366
5,110260,110264,110237,110256,109654
6,110530,110556,110526,110546,109942
1,111120,111110,111107,111115,110517
2,111390,111400,111396,111403,110805
3,111720,111689,111685,111691,111093
5,111940,111979,111974,111979,111381
4,112250,112268,112262,112268,111669
6,112570,112558,112551,112556,111957
1,112870,112848,112840,112844,112245
3,113130,113137,113129,113132,112533
2,113420,113427,113418,113421,112820
4,113730,113717,113707,113709,113108
5,114000,114006,113996,113997,113396
6,114260,114296,114285,114285,113684
3,114920,114862,114864,114869,114260
1,115180,115152,115152,115158,114548
2,115410,115441,115441,115446,114836
5,115740,115730,115730,115734,115123
4,116010,116019,116019,116022,115411
6,116240,116309,116308,116310,115699
3,116570,116598,116597,116598,115987
2,116880,116887,116886,116886,116275
1,117210,117176,117175,117175,116563
4,117480,117466,117464,117463,116851
5,117780,117755,117753,117751,117139
6,118030,118044,118042,118039,117426
2,118570,118605,118615,118611,118002
3,118880,118895,118904,118899,118290
4,119190,119185,119192,119187,118578
1,119490,119475,119481,119476,118866
5,119760,119765,119770,119764,119154
6,120050,120055,120059,120052,119441
2,120320,120345,120348,120341,119729
4,120630,120634,120636,120629,120017
3,120900,120924,120925,120918,120305
5,121230,121214,121214,121206,120593
1,121540,121504,121503,121494,120881
6,121800,121794,121792,121783,121169
4,122370,122360,122369,122369,121744
2,122630,122650,122658,122658,122032
5,122940,122940,122947,122946,122320
3,123240,123230,123235,123235,122608
1,123540,123521,123524,123524,122896
6,123800,123811,123813,123812,123184
4,124080,124101,124102,124101,123472
5,124400,124392,124391,124390,123760
2,124650,124682,124679,124678,124047
1,125030,124972,124968,124967,124335
3,125260,125262,125257,125256,124623
6,125540,125553,125546,125544,124911
5,126110,126115,126121,126122,125487
4,126440,126404,126410,126410,125775
1,126690,126694,126699,126698,126063
2,127000,126983,126987,126986,126350
3,127260,127272,127276,127274,126638
6,127520,127562,127565,127563,126926
5,127850,127851,127854,127851,127214
1,128180,128140,128142,128139,127502
4,128440,128430,128431,128427,127790
3,128740,128719,128720,128715,128078
2,128970,129008,129008,129004,128365
6,129280,129297,129297,129292,128653
1,129850,129862,129872,129871,129229
5,130160,130152,130160,130159,129517
3,130450,130441,130449,130447,129805
4,130700,130731,130738,130735,130093
2,131010,131021,131026,131023,130381
6,131300,131311,131315,131311,130668
1,131640,131600,131604,131599,130956
3,131880,131890,131892,131887,131244
5,132200,132180,132181,132175,131532
2,132470,132469,132470,132463,131820
4,132750,132759,132758,132751,132108
6,133050,133049,133047,133039,132396
3,133610,133607,133618,133606,132971
1,133880,133897,133907,133895,133259
5,134190,134187,134195,134185,133547
4,134520,134476,134484,134474,133835
2,134710,134766,134772,134763,134123
6,135010,135055,135061,135053,134411
3,135320,135345,135349,135342,134699
5,135660,135634,135638,135632,134987
1,135950,135924,135926,135921,135274
2,136200,136214,136215,136210,135562
4,136510,136503,136503,136500,135850
6,136810,136793,136792,136789,136138
5,137370,137371,137382,137381,136714
3,137670,137663,137671,137673,137002
2,137960,137956,137960,137964,137290
1,138230,138249,138248,138256,137577
4,138520,138542,138537,138548,137865
6,138860,138834,138826,138839,138153
5,139120,139127,139115,139131,138441
2,139430,139420,139404,139422,138729
3,139730,139713,139693,139714,139017
4,140020,140005,139982,140006,139305
1,140320,140298,140271,140297,139592
6,140590,140591,140560,140589,139880
2,141180,141166,141162,141183,140456
5,141450,141459,141452,141474,140744
4,141790,141753,141742,141766,141032
3,142080,142047,142031,142057,141320
1,142350,142340,142321,142349,141608
6,142610,142634,142611,142640,141895
2,142920,142928,142900,142932,142183
4,143230,143222,143190,143223,142471
5,143520,143515,143480,143514,142759
1,143790,143809,143769,143806,143047
3,144100,144103,144059,144097,143335
6,144410,144397,144349,144389,143623
4,145030,144957,144947,144979,144198
2,145210,145250,145237,145267,144486
1,145550,145543,145528,145556,144774
5,145810,145836,145818,145845,145062
3,146110,146129,146108,146134,145350
6,146360,146421,146398,146422,145638
4,146720,146714,146689,146711,145926
1,147030,147007,146979,147000,146214
2,147330,147300,147269,147288,146501
3,147610,147593,147559,147577,146789
5,147890,147885,147850,147866,147077
6,148150,148178,148140,148155,147365
1,148690,148718,148712,148719,147941
4,149000,149006,149002,149006,148229
2,149300,149295,149292,149293,148516
5,149590,149584,149582,149580,148804
3,149850,149873,149872,149867,149092
6,150170,150161,150162,150154,149380
1,150470,150450,150452,150441,149668
2,150710,150739,150742,150728,149956
4,151000,151028,151032,151015,150244
3,151300,151317,151322,151302,150532
5,151610,151605,151612,151589,150819
6,151880,151894,151902,151876,151107
2,152440,152450,152465,152449,151683
1,152740,152739,152754,152737,151971
4,153020,153028,153044,153026,152259
5,153330,153316,153333,153314,152547
3,153600,153605,153623,153602,152835
6,153810,153894,153912,153891,153122
2,154170,154183,154202,154179,153410
4,154480,154471,154491,154468,153698
1,154800,154760,154781,154756,153986
3,155050,155049,155070,155044,154274
5,155350,155337,155360,155333,154562
6,155630,155626,155649,155621,154850
4,156210,156197,156220,156207,155425
2,156470,156488,156509,156497,155713
3,156770,156779,156799,156786,156001
1,157080,157070,157088,157076,156289
5,157350,157361,157377,157366,156577
6,157630,157652,157666,157655,156865
4,157940,157944,157956,157945,157153
3,158220,158235,158245,158234,157440
2,158550,158526,158534,158524,157728
5,158850,158817,158823,158814,158016
1,159140,159108,159113,159103,158304
6,159390,159399,159402,159393,158592
3,159960,159964,159980,159980,159168
4,160270,160255,160269,160269,159456
5,160530,160547,160559,160558,159743
2,160820,160839,160848,160847,160031
1,161160,161131,161137,161136,160319
6,161430,161423,161427,161425,160607
3,161690,161715,161716,161715,160895
5,162000,162007,162005,162004,161183
4,162330,162299,162294,162293,161471
1,162600,162591,162584,162582,161759
2,162880,162883,162873,162871,162046
6,163170,163175,163162,163160,162334
5,163720,163727,163737,163736,162910
3,164020,164018,164027,164025,163198
1,164300,164309,164316,164313,163486
4,164600,164599,164605,164602,163774
2,164890,164890,164894,164891,164062
6,165140,165181,165183,165179,164349
5,165490,165471,165473,165468,164637
1,165790,165762,165762,165756,164925
3,166040,166053,166051,166045,165213
2,166350,166344,166340,166333,165501
4,166630,166634,166629,166622,165789
6,166910,166925,166919,166910,166077
1,167480,167482,167492,167490,166652
5,167780,167772,167782,167778,166940
2,168080,168062,168071,168067,167228
3,168330,168352,168360,168355,167516
4,168590,168642,168649,168644,167804
6,168940,168932,168938,168932,168092
1,169250,169222,169227,169221,168380
2,169540,169513,169516,169509,168667
5,169820,169803,169805,169798,168955
4,170090,170093,170094,170086,169243
3,170380,170383,170383,170375,169531
6,170640,170673,170672,170663,169819
2,171280,171235,171246,171244,170395
1,171560,171525,171535,171532,170683
5,171830,171814,171823,171820,170970
3,172120,172104,172112,172108,171258
4,172390,172393,172401,172397,171546
6,172620,172683,172690,172685,171834
2,172870,172972,172979,172973,172122
5,173280,173262,173268,173262,172410
1,173560,173551,173557,173550,172698
4,173860,173841,173846,173838,172986
3,174160,174130,174135,174127,173273
6,174420,174420,174424,174415,173561
5,174990,174984,174996,174990,174137
2,175250,175273,175285,175279,174425
4,175610,175563,175574,175567,174713
1,175860,175852,175862,175856,175001
3,176100,176142,176151,176145,175289
6,176380,176432,176440,176433,175576
5,176760,176721,176729,176722,175864
4,177070,177011,177017,177010,176152
2,177310,177300,177306,177299,176440
3,177580,177590,177595,177588,176728
1,177880,177879,177884,177876,177016
6,178140,178169,178172,178165,177304
4,178790,178737,178750,178744,177879
5,179060,179028,179039,179034,178167
3,179310,179319,179328,179324,178455
2,179550,179610,179617,179614,178743
1,179880,179900,179905,179904,179031
6,180130,180191,180194,180193,179319
4,180500,180482,180483,180483,179607
3,180780,180773,180772,180773,179894
5,181080,181064,181061,181063,180182
1,181360,181355,181349,181353,180470
2,181650,181645,181638,181643,180758
6,181970,181936,181927,181933,181046
3,182530,182511,182515,182532,181622
4,182840,182802,182805,182821,181910
1,183110,183094,183094,183109,182197
5,183360,183385,183383,183398,182485
2,183680,183676,183672,183686,182773
6,183980,183968,183961,183975,183061
3,184280,184259,184250,184263,183349
1,184580,184551,184539,184552,183637
4,184830,184842,184828,184840,183925
2,185110,185133,185117,185129,184213
5,185420,185425,185406,185418,184500
6,185710,185716,185696,185706,184788
1,186270,186264,186266,186271,185364
3,186580,186552,186555,186557,185652
4,186820,186841,186844,186844,185940
5,187120,187129,187132,187130,186228
2,187370,187418,187421,187416,186515
6,187700,187706,187710,187702,186803
1,188030,187994,187999,187988,187091
3,188270,188283,188288,188274,187379
4,188550,188571,188577,188560,187667
2,188850,188860,188866,188846,187955
5,189150,189148,189154,189133,188243
6,189430,189437,189443,189419,188531
3,189980,189988,190002,189980,189106
1,190270,190275,190290,190268,189394
4,190520,190563,190578,190556,189682
5,190840,190850,190867,190844,189970
2,191120,191137,191155,191132,190258
6,191410,191425,191443,191419,190546
3,191730,191712,191732,191707,190834
4,192030,192000,192020,191995,191121
1,192290,192287,192308,192283,191409
2,192560,192574,192596,192571,191697
5,192880,192862,192885,192858,191985
6,193130,193149,193173,193146,192273
4,193780,193731,193749,193739,192849
3,194050,194021,194037,194029,193137
2,194320,194311,194325,194319,193424
1,194590,194601,194613,194608,193712
5,194860,194890,194902,194898,194000
6,195210,195180,195190,195188,194288
4,195460,195470,195478,195477,194576
2,195750,195760,195766,195767,194864
3,196030,196049,196055,196057,195152
5,196360,196339,196343,196346,195440
1,196650,196629,196631,196636,195727
6,196930,196919,196919,196926,196015
2,197500,197493,197504,197511,196591
4,197820,197785,197792,197800,196879
5,198080,198076,198081,198089,197167
3,198380,198367,198369,198377,197455
1,198660,198659,198658,198666,197742
6,198900,198950,198946,198955,198030
2,199190,199241,199235,199244,198318
5,199560,199533,199523,199532,198606
4,199840,199824,199812,199821,198894
1,200140,200116,200100,200110,199182
3,200400,200407,200389,200399,199470
6,200720,200698,200677,200687,199758
5,201250,201253,201256,201263,200333
2,201520,201543,201545,201550,200621
1,201830,201833,201833,201838,200909
4,202130,202123,202122,202126,201197
3,202410,202414,202411,202413,201485
6,202670,202704,202699,202701,201773
5,202990,202994,202988,202989,202061
1,203280,203285,203276,203277,202348
2,203580,203575,203565,203564,202636
3,203890,203865,203853,203852,202924
4,204160,204155,204142,204140,203212
6,204430,204446,204431,204427,203500
1,204970,204998,205004,205027,204076
5,205280,205287,205292,205310,204364
3,205590,205577,205581,205594,204651
2,205840,205866,205869,205877,204939
4,206160,206155,206158,206160,205227
6,206440,206445,206446,206443,205515
1,206740,206734,206735,206727,205803
3,207010,207024,207023,207010,206091
5,207300,207313,207312,207293,206379
4,207600,207602,207600,207576,206666
2,207890,207892,207889,207860,206954
6,208200,208181,208177,208143,207242
3,208750,208692,208700,208662,207818
1,209050,208971,208987,208944,208106
5,209320,209251,209274,209226,208394
4,209370,209530,209561,209508,208682
2,209610,209810,209848,209791,208969
6,210120,210090,210135,210073,209257
3,210460,210369,210421,210355,209545
5,210740,210649,210708,210638,209833
4,210770,210928,210995,210920,210121
1,211030,211208,211282,211202,210409
2,211480,211488,211569,211484,210697
6,211870,211767,211855,211767,210985
5,212340,212357,212397,212360,211560
3,212630,212641,212683,212645,211848
1,213080,212925,212968,212931,212136
4,213170,213209,213254,213216,212424
2,213380,213493,213540,213501,212712
6,213820,213777,213826,213787,213000
5,214110,214062,214112,214072,213288
4,214360,214346,214398,214357,213575
3,214660,214630,214684,214642,213863
2,214920,214914,214969,214928,214151
1,215180,215198,215255,215213,214439
6,215500,215482,215541,215498,214727
4,216060,216056,216093,216063,215303
5,216370,216343,216378,216349,215590
2,216600,216630,216664,216635,215878
3,216920,216917,216949,216922,216166
1,217200,217204,217234,217208,216454
6,217430,217490,217520,217494,216742
4,217780,217777,217805,217780,217030
2,218060,218064,218090,218066,217318
5,218400,218351,218375,218352,217606
1,218670,218638,218661,218638,217893
3,218930,218925,218946,218924,218181
6,219220,219212,219231,219210,218469
2,219770,219784,219802,219796,219045
4,220140,220072,220088,220083,219333
1,220380,220360,220373,220369,219621
5,220640,220648,220658,220656,219909
3,220890,220936,220944,220942,220196
6,221200,221223,221229,221228,220484
2,221540,221511,221514,221515,220772
1,221840,221799,221799,221801,221060
4,222080,222087,222085,222088,221348
3,222380,222375,222370,222374,221636
5,222680,222663,222655,222661,221924
6,222920,222950,222941,222947,222212
1,223530,223510,223515,223516,222787
2,223800,223797,223800,223802,223075
4,224090,224085,224086,224088,223363
5,224350,224372,224371,224374,223651
3,224630,224659,224656,224660,223939
6,224920,224946,224942,224945,224227
1,225280,225233,225227,225231,224515
4,225510,225520,225513,225517,224802
2,225820,225807,225798,225803,225090
3,226080,226094,226084,226089,225378
5,226380,226381,226369,226375,225666
6,226670,226669,226654,226661,225954
4,227250,227231,227231,227238,226530
1,227500,227518,227517,227524,226817
2,227790,227805,227803,227810,227105
5,228120,228092,228088,228095,227393
3,228360,228379,228374,228381,227681
6,228650,228666,228659,228666,227969
4,228920,228954,228945,228952,228257
2,229250,229241,229231,229238,228545
1,229570,229528,229516,229523,228833
3,229800,229815,229802,229809,229120
5,230110,230102,230087,230094,229408
6,230390,230389,230373,230380,229696
2,230930,230946,230946,230942,230272
4,231240,231233,231232,231229,230560
3,231530,231519,231517,231516,230848
1,231820,231805,231803,231802,231136
5,232060,232092,232089,232089,231423
6,232360,232378,232374,232376,231711
2,232670,232665,232660,232663,231999
3,232960,232951,232946,232949,232287
4,233230,233237,233231,233236,232575
5,233520,233524,233517,233523,232863
1,233810,233810,233803,233809,233151
6,234100,234096,234088,234096,233439
3,234710,234675,234676,234683,234014
2,234950,234964,234962,234971,234302
5,235240,235252,235248,235259,234590
4,235590,235541,235534,235548,234878
1,235840,235830,235820,235836,235166
6,236100,236119,236106,236124,235454
3,236380,236407,236392,236412,235741
5,236720,236696,236679,236701,236029
2,236960,236985,236965,236989,236317
1,237280,237273,237251,237277,236605
4,237570,237562,237537,237566,236893
6,237880,237851,237823,237854,237181
5,238410,238422,238417,238435,237757
3,238740,238712,238703,238723,238044
1,239030,239002,238990,239011,238332
2,239290,239292,239277,239299,238620
4,239570,239582,239564,239587,238908
6,239820,239872,239851,239875,239196
5,240200,240161,240137,240163,239484
1,240480,240451,240424,240451,239772
3,240720,240741,240711,240739,240060
4,241010,241031,240998,241027,240347
2,241340,241321,241284,241315,240635
6,241620,241610,241571,241603,240923
1,242150,242172,242161,242180,241499
5,242430,242461,242449,242467,241787
4,242790,242750,242736,242755,242075
3,243030,243040,243023,243043,242363
2,243380,243329,243311,243330,242650
6,243630,243618,243598,243618,242938
1,243900,243907,243885,243905,243226
4,244160,244197,244173,244193,243514
5,244480,244486,244460,244481,243802
2,244790,244775,244747,244768,244090
3,245030,245064,245034,245056,244378
6,245370,245354,245322,245344,244665
4,245940,245916,245908,245919,245241
1,246200,246204,246195,246207,245529
5,246500,246493,246483,246495,245817
3,246790,246782,246770,246783,246105
2,247030,247071,247058,247071,246393
6,247330,247360,247346,247359,246681
4,247640,247648,247633,247647,246968
5,247960,247937,247921,247935,247256
1,248230,248226,248209,248223,247544
2,248530,248515,248496,248511,247832
3,248800,248804,248784,248799,248120
6,249090,249093,249072,249087,248408
5,249660,249661,249658,249669,248984
4,249990,249951,249946,249958,249271
2,250230,250240,250234,250246,249559
1,250520,250530,250522,250534,249847
3,250820,250819,250810,250823,250135
6,251070,251109,251098,251111,250423
5,251400,251398,251386,251399,250711
2,251700,251688,251674,251687,250999
4,251970,251977,251962,251976,251287
3,252290,252267,252250,252264,251574
1,252570,252557,252538,252552,251862
6,252840,252846,252826,252841,252150
2,253430,253412,253409,253416,252726
5,253710,253701,253698,253704,253014
3,253970,253990,253986,253993,253302
4,254270,254280,254274,254282,253590
1,254600,254569,254562,254571,253877
6,254870,254859,254850,254860,254165
2,255110,255148,255139,255149,254453
3,255410,255438,255427,255437,254741
5,255750,255727,255715,255726,255029
1,256030,256017,256003,256015,255317
4,256300,256306,256292,256304,255605
6,256600,256596,256580,256593,255892
3,257190,257168,257168,257182,256468
2,257450,257459,257457,257471,256756
1,257740,257750,257745,257759,257044
5,258030,258040,258034,258048,257332
4,258350,258331,258322,258336,257620
6,258610,258621,258611,258625,257908
3,258930,258912,258899,258913,258195
1,259220,259202,259188,259202,258483
2,259500,259493,259476,259491,258771
4,259760,259783,259765,259779,259059
5,260090,260074,260054,260068,259347
6,260360,260365,260342,260356,259635
1,260960,260927,260921,260933,260211
3,261260,261215,261210,261220,260498
2,261490,261503,261498,261507,260786
5,261810,261791,261787,261794,261074
4,262070,262079,262075,262081,261362
6,262330,262367,262364,262368,261650
1,262710,262655,262653,262655,261938
2,262920,262943,262941,262942,262226
3,263190,263231,263230,263229,262514
4,263510,263519,263518,263516,262801
5,263800,263807,263807,263803,263089
6,264090,264095,264096,264090,263377
2,264660,264658,264663,264658,263953
1,264960,264945,264951,264945,264241
3,265210,265232,265239,265232,264529
5,265520,265519,265527,265519,264816
4,265820,265807,265816,265806,265104
6,266080,266094,266104,266092,265392
2,266380,266381,266392,266379,265680
3,266660,266668,266681,266666,265968
1,266960,266955,266969,266953,266256
4,267230,267242,267257,267240,266544
5,267550,267529,267545,267526,266832
6,267800,267816,267834,267813,267119
3,268410,268388,268401,268388,267695
2,268670,268676,268689,268676,267983
4,268980,268964,268977,268965,268271
1,269240,269252,269265,269253,268559
5,269520,269540,269553,269541,268847
6,269810,269828,269841,269829,269135
3,270090,270116,270129,270117,269422
4,270420,270404,270417,270406,269710
2,270700,270692,270705,270694,269998
5,271010,270980,270993,270982,270286
1,271290,271268,271281,271270,270574
6,271540,271556,271569,271558,270862
4,272170,272136,272147,272144,271438
3,272420,272426,272435,272433,271725
5,272730,272716,272723,272722,272013
2,272980,273006,273012,273011,272301
1,273300,273295,273300,273300,272589
6,273590,273585,273588,273590,272877
4,273870,273875,273876,273879,273165
5,274190,274164,274164,274168,273453
3,274420,274454,274452,274457,273740
1,274760,274744,274740,274746,274028
2,275060,275034,275028,275035,274316
6,275320,275323,275316,275324,274604
5,275900,275898,275900,275914,275180
4,276190,276188,276189,276202,275468
1,276500,276478,276477,276489,275756
3,276750,276768,276765,276777,276043
2,277070,277058,277054,277064,276331
6,277320,277349,277342,277352,276619
5,277670,277639,277630,277640,276907
1,277980,277929,277919,277927,277195
4,278200,278219,278207,278215,277483
2,278490,278509,278495,278502,277771
3,278790,278799,278784,278790,278059
6,279090,279090,279072,279077,278346
1,279670,279642,279641,279643,278922
5,279960,279929,279929,279929,279210
2,280200,280216,280217,280215,279498
4,280460,280503,280505,280501,279786
3,280720,280790,280793,280787,280074
6,281050,281077,281081,281073,280362
1,281400,281364,281369,281359,280649
2,281700,281651,281657,281645,280937
5,281960,281938,281945,281931,281225
3,282210,282225,282233,282217,281513
4,282480,282512,282521,282503,281801
6,282780,282799,282810,282789,282089
2,283380,283363,283372,283364,282665
1,283660,283650,283660,283650,282952
5,283930,283936,283947,283936,283240
4,284210,284223,284235,284222,283528
3,284490,284510,284523,284508,283816
6,284730,284797,284811,284794,284104
2,285070,285083,285098,285081,284392
5,285390,285370,285386,285367,284680
1,285680,285657,285674,285653,284967
3,285940,285944,285961,285939,285255
4,286230,286230,286249,286225,285543
6,286540,286517,286537,286511,285831
5,287070,287080,287097,287076,286407
2,287320,287367,287384,287363,286695
3,287650,287655,287672,287651,286983
1,287920,287942,287959,287939,287270
4,288240,288230,288246,288226,287558
6,288480,288517,288533,288514,287846
5,288820,288805,288821,288801,288134
3,289110,289092,289108,289089,288422
2,289390,289380,289395,289376,288710
4,289690,289667,289682,289664,288998
1,289980,289955,289970,289952,289286
6,290220,290242,290257,290239,289573
3,290850,290822,290835,290836,290149
5,291100,291112,291123,291124,290437
4,291450,291401,291410,291412,290725
2,291680,291691,291697,291700,291013
1,291980,291981,291985,291988,291301
6,292210,292271,292272,292276,291589
3,292550,292560,292560,292564,291876
4,292860,292850,292847,292852,292164
5,293160,293140,293134,293140,292452
1,293430,293430,293422,293428,292740
2,293750,293720,293709,293716,293028
6,294020,294009,293997,294004,293316
4,294580,294568,294571,294571,293891
3,294860,294856,294859,294859,294179
1,295130,295145,295146,295146,294467
5,295410,295433,295433,295433,294755
2,295770,295721,295721,295721,295043
6,295960,296010,296008,296008,295331
4,296290,296298,296296,296295,295619
1,296630,296587,296583,296583,295907
3,296870,296875,296870,296870,296194
2,297110,297163,297158,297157,296482
5,297460,297452,297445,297445,296770
6,297750,297740,297733,297732,297058
1,298320,298306,298311,298312,297634
4,298630,298595,298598,298600,297922
3,298860,298885,298886,298888,298210
5,299140,299174,299173,299176,298497
2,299440,299463,299461,299464,298785
6,299730,299752,299748,299752,299073
1,300050,300041,300036,300040,299361
3,300320,300330,300324,300328,299649
4,300610,300619,300611,300616,299937
2,300920,300908,300899,300904,300225
5,301230,301198,301186,301191,300513
6,301500,301487,301474,301479,300800
3,302060,302052,302054,302057,301376
1,302350,302341,302342,302345,301664
4,302620,302630,302629,302634,301952
5,302940,302920,302917,302922,302240
2,303180,303209,303205,303210,302528
6,303490,303498,303492,303498,302815
3,303790,303787,303780,303787,303103
4,304060,304076,304068,304075,303391
1,304380,304365,304355,304363,303679
2,304640,304655,304643,304651,303967
5,304970,304944,304931,304940,304255
6,305230,305233,305219,305228,304543
4,305830,305803,305802,305799,305118
3,306120,306092,306090,306090,305406
2,306360,306382,306378,306380,305694
1,306670,306671,306666,306670,305982
5,306970,306960,306954,306960,306270
6,307230,307249,307242,307251,306558
4,307550,307538,307530,307541,306846
2,307830,307827,307817,307831,307134
3,308120,308116,308105,308121,307421
5,308420,308405,308393,308412,307709
1,308700,308694,308681,308702,307997
6,308950,308983,308969,308992,308285
2,309630,309579,309572,309605,308861
4,309930,309871,309861,309894,309149
5,310180,310162,310150,310183,309437
3,310470,310454,310438,310472,309724
1,310740,310745,310727,310761,310012
6,310970,311036,311016,311050,310300
2,311360,311328,311304,311339,310588
5,311650,311619,311593,311628,310876
4,311960,311911,311882,311917,311164
1,312210,312202,312171,312206,311452
3,312470,312493,312459,312495,311740
6,312760,312785,312748,312784,312027
5,313320,313334,313326,313339,312603
2,313560,313623,313615,313626,312891
1,313890,313912,313903,313912,313179
4,314220,314200,314192,314198,313467
3,314480,314489,314481,314485,313755
6,314770,314778,314770,314771,314042
5,315070,315067,315058,315057,314330
1,315370,315356,315347,315344,314618
2,315660,315645,315636,315630,314906
3,315920,315934,315925,315916,315194
4,316220,316223,316213,316203,315482
6,316490,316512,316502,316489,315770
1,317030,317065,317070,317065,316345
5,317340,317353,317358,317352,316633
3,317650,317641,317647,317639,316921
2,317910,317930,317935,317926,317209
4,318210,318218,318224,318213,317497
6,318480,318506,318512,318500,317785
1,318780,318794,318801,318787,318073
3,319060,319082,319089,319074,318361
5,319380,319370,319377,319361,318648
4,319670,319658,319666,319648,318936
2,319970,319947,319954,319935,319224
6,320240,320235,320243,320222,319512
3,320810,320798,320809,320801,320088
1,321090,321086,321097,321088,320376
5,321370,321374,321386,321375,320664
2,321630,321662,321674,321663,320951
4,321940,321950,321962,321950,321239
6,322220,322238,322250,322237,321527
3,322540,322526,322538,322524,321815
5,322830,322814,322826,322812,322103
1,323100,323102,323115,323099,322391
4,323370,323390,323403,323386,322679
2,323700,323678,323691,323674,322966
6,323970,323966,323979,323961,323254
5,324550,324533,324546,324535,323830
3,324840,324821,324834,324823,324118
4,325100,325109,325122,325111,324406
1,325380,325397,325410,325399,324694
2,325660,325685,325698,325687,324982
6,325960,325973,325986,325974,325269
5,326290,326261,326273,326262,325557
4,326580,326549,326561,326550,325845
3,326840,326838,326849,326838,326133
2,327120,327126,327137,327126,326421
1,327410,327414,327425,327414,326709
6,327690,327702,327713,327702,326997
4,328290,328275,328288,328275,327572
5,328550,328565,328576,328565,327860
2,328900,328854,328864,328855,328148
3,329170,329144,329152,329145,328436
1,329430,329433,329440,329435,328724
6,329680,329723,329727,329725,329012
4,329950,330013,330015,330015,329300
2,330260,330302,330303,330305,329588
5,330640,330592,330591,330595,329875
1,330880,330881,330879,330885,330163
3,331190,331171,331167,331175,330451
6,331500,331461,331455,331465,330739
2,332070,332049,332050,332073,331315
4,332380,332341,332339,332362,331603
1,332660,332632,332627,332651,331890
5,332930,332924,332916,332939,332178
3,333200,333215,333204,333228,332466
6,333440,333507,333493,333517,332754
2,333880,333798,333781,333806,333042
1,334170,334090,334070,334095,333330
4,334390,334381,334358,334384,333618
3,334650,334672,334647,334673,333906
5,334930,334964,334935,334962,334193
6,335240,335255,335224,335251,334481
1,335800,335805,335800,335815,335057
2,336070,336094,336089,336101,335345
4,336410,336382,336377,336386,335633
5,336670,336671,336665,336672,335921
3,336930,336960,336954,336957,336209
6,337210,337248,337242,337243,336496
1,337540,337537,337531,337529,336784
4,337810,337826,337819,337814,337072
2,338120,338115,338108,338100,337360
3,338380,338403,338396,338385,337648
5,338700,338692,338685,338671,337936
6,338990,338981,338973,338957,338224
4,339500,339526,339531,339514,338799
1,339820,339812,339819,339801,339087
2,340030,340098,340107,340088,339375
5,340400,340385,340395,340375,339663
3,340670,340671,340683,340661,339951
6,340940,340957,340971,340948,340239
4,341270,341243,341259,341235,340527
2,341490,341529,341547,341522,340815
1,341830,341816,341835,341809,341102
3,342080,342102,342123,342096,341390
5,342380,342388,342410,342382,341678
6,342690,342674,342698,342669,341966
2,343280,343254,343271,343255,342542
4,343560,343543,343558,343545,342830
3,343830,343832,343846,343834,343117
1,344090,344121,344134,344124,343405
5,344400,344410,344422,344414,343693
6,344660,344699,344710,344703,343981
2,345040,344988,344997,344993,344269
3,345270,345277,345285,345283,344557
4,345570,345566,345573,345573,344845
5,345880,345855,345861,345862,345133
1,346160,346144,346149,346152,345420
6,346440,346433,346436,346442,345708
3,347050,347019,347026,347038,346284
2,347320,347310,347314,347327,346572
5,347610,347601,347602,347616,346860
4,347910,347893,347891,347905,347148
1,348190,348184,348179,348195,347436
6,348480,348475,348467,348484,347723
3,348750,348766,348755,348773,348011
5,349080,349057,349044,349062,348299
2,349360,349348,349332,349351,348587
1,349660,349640,349620,349640,348875
4,349920,349931,349908,349930,349163
6,350210,350222,350197,350219,349451
5,350770,350781,350779,350790,350026
3,351080,351071,351067,351078,350314
1,351360,351361,351355,351365,350602
2,351640,351650,351644,351653,350890
4,351930,351940,351932,351940,351178
6,352240,352230,352221,352228,351466
5,352530,352519,352509,352515,351754
1,352820,352809,352798,352803,352041
3,353070,353099,353086,353091,352329
4,353370,353388,353374,353378,352617
2,353700,353678,353663,353666,352905
6,353950,353967,353951,353953,353193
1,354520,354527,354526,354530,353769
5,354790,354815,354815,354817,354057
4,355130,355104,355103,355105,354344
3,355380,355392,355391,355392,354632
2,355660,355680,355680,355679,354920
6,355980,355968,355968,355966,355208
1,356290,356257,356256,356254,355496
4,356560,356545,356545,356541,355784
5,356820,356833,356833,356828,356072
2,357120,357121,357121,357115,356360
3,357390,357409,357410,357403,356647
6,357680,357698,357698,357690,356935
4,358280,358263,358269,358271,357511
1,358560,358551,358557,358557,357799
5,358850,358839,358845,358844,358087
3,359150,359127,359133,359130,358375
2,359390,359415,359421,359416,358663
6,359630,359703,359709,359703,358950
4,359960,359991,359998,359989,359238
5,360280,360279,360286,360275,359526
1,360580,360567,360574,360562,359814
2,360870,360855,360862,360848,360102
3,361160,361143,361150,361134,360390
6,361440,361431,361438,361421,360678
5,361950,361985,361998,361980,361253
4,362270,362272,362286,362267,361541
2,362540,362559,362573,362554,361829
1,362860,362847,362861,362841,362117
3,363100,363134,363149,363129,362405
6,363390,363421,363437,363416,362693
5,363740,363709,363724,363703,362981
2,363980,363996,364012,363990,363268
4,364270,364283,364300,364277,363556
3,364590,364571,364587,364564,363844
1,364880,364858,364875,364851,364132
6,365140,365145,365163,365138,364420
2,365720,365721,365736,365729,364996
5,366030,366010,366024,366018,365284
3,366310,366299,366311,366306,365571
4,366600,366588,366599,366594,365859
1,366890,366877,366887,366883,366147
6,367140,367167,367174,367171,366435
2,367450,367456,367462,367459,366723
3,367740,367745,367749,367747,367011
5,368040,368034,368037,368036,367299
1,368330,368323,368325,368324,367587
4,368600,368612,368612,368612,367874
6,368930,368901,368900,368901,368162
3,369490,369469,369476,369478,368738
2,369760,369758,369764,369766,369026
1,370020,370047,370052,370053,369314
5,370310,370336,370340,370341,369602
4,370670,370625,370627,370629,369890
6,370920,370914,370915,370916,370177
3,371200,371204,371203,371204,370465
1,371500,371493,371490,371491,370753
2,371760,371782,371778,371779,371041
4,372100,372071,372066,372067,371329
5,372350,372360,372353,372354,371617
6,372640,372649,372641,372642,371905
1,373230,373211,373216,373222,372480
3,373520,373500,373504,373508,372768
2,373770,373788,373791,373795,373056
5,374070,374077,374079,374081,373344
4,374370,374366,374367,374368,373632
6,374610,374655,374654,374654,373920
1,374950,374943,374942,374941,374208
3,375190,375232,375230,375227,374495
2,375510,375521,375517,375514,374783
4,375840,375809,375805,375800,375071
5,376110,376098,376093,376087,375359
6,376400,376387,376380,376373,375647
3,376950,376938,376946,376936,376223
1,377200,377225,377233,377223,376511
2,377470,377513,377521,377510,376798
5,377810,377800,377808,377797,377086
4,378100,378088,378095,378083,377374
6,378330,378375,378383,378370,377662
3,378660,378663,378670,378657,377950
2,378930,378950,378957,378943,378238
1,379230,379238,379245,379230,378526
4,379550,379525,379532,379517,378814
5,379840,379813,379820,379803,379101
6,380090,380100,380107,380090,379389
2,380660,380667,380680,380667,379965
3,380950,380956,380967,380956,380253
4,381230,381245,381254,381245,380541
1,381510,381534,381542,381534,380829
5,381800,381823,381829,381823,381116
6,382100,382112,382116,382112,381404
2,382470,382400,382404,382401,381692
4,382730,382689,382691,382690,381980
3,382990,382978,382978,382979,382268
5,383260,383267,383266,383268,382556
1,383570,383556,383553,383557,382844
6,383810,383845,383841,383846,383132
4,384480,384426,384430,384441,383707
2,384760,384717,384718,384730,383995
5,385020,385007,385005,385019,384283
3,385300,385297,385293,385308,384571
1,385550,385587,385581,385597,384859
6,385890,385878,385869,385886,385147
4,386150,386168,386156,386175,385435
5,386450,386458,386444,386464,385722
2,386780,386749,386732,386754,386010
1,387040,387039,387020,387043,386298
3,387340,387329,387308,387332,386586
6,387610,387619,387595,387621,386874
5,388180,388184,388181,388197,387450
4,388500,388474,388469,388484,387738
1,388780,388764,388757,388772,388025
2,389040,389053,389045,389059,388313
3,389330,389343,389333,389346,388601
6,389610,389632,389621,389634,388889
5,389920,389922,389909,389921,389177
1,390240,390212,390197,390209,389465
4,390500,390501,390485,390496,389753
3,390810,390791,390774,390783,390040
2,391080,391081,391062,391071,390328
6,391340,391370,391350,391358,390616
1,391930,391927,391924,391930,391192
5,392230,392215,392212,392216,391480
3,392500,392502,392500,392503,391768
4,392760,392790,392788,392790,392056
2,393090,393078,393076,393077,392343
6,393340,393365,393364,393363,392631
1,393700,393653,393652,393650,392919
3,393930,393941,393940,393937,393207
5,394230,394228,394228,394223,393495
2,394490,394516,394516,394510,393783
4,394800,394804,394804,394797,394071
6,395080,395091,395092,395084,394359
3,395650,395658,395662,395661,394934
1,395960,395945,395950,395948,395222
5,396260,396232,396238,396234,395510
4,396540,396519,396525,396521,395798
2,396770,396806,396813,396808,396086
6,397080,397093,397101,397094,396374
3,397370,397380,397389,397381,396662
5,397690,397667,397677,397667,396949
1,397970,397954,397964,397954,397237
2,398240,398241,398252,398241,397525
4,398530,398528,398540,398527,397813
6,398790,398816,398828,398814,398101
5,399370,399381,399394,399381,398677
3,399670,399669,399681,399669,398965
2,399940,399957,399969,399956,399252
1,400220,400245,400256,400244,399540
4,400530,400532,400544,400531,399828
6,400800,400820,400831,400819,400116
5,401110,401108,401119,401106,400404
2,401400,401396,401407,401394,400692
3,401680,401684,401694,401681,400980
4,402040,401972,401982,401969,401267
1,402280,402260,402269,402256,401555
6,402510,402547,402557,402544,401843
2,403180,403126,403133,403136,402419
5,403420,403414,403421,403424,402707
4,403750,403702,403708,403711,402995
3,404010,403990,403996,403998,403283
1,404290,404279,404283,404286,403570
6,404500,404567,404571,404573,403858
2,404800,404855,404858,404860,404146
4,405160,405143,405146,405148,404434
5,405460,405432,405433,405435,404722
1,405730,405720,405721,405722,405010
3,405990,406008,406009,406010,405298
6,406310,406296,406296,406297,405586
4,406880,406859,406865,406864,406161
2,407140,407146,407153,407150,406449
1,407440,407434,407440,407436,406737
5,407700,407722,407728,407723,407025
3,407950,408009,408015,408009,407313
6,408250,408297,408302,408295,407601
4,408600,408585,408590,408581,407889
1,408920,408873,408877,408868,408176
2,409180,409160,409164,409154,408464
3,409460,409448,409452,409440,408752
5,409730,409736,409739,409726,409040
6,410010,410023,410027,410013,409328
1,410620,410588,410594,410590,409904
4,410910,410875,410881,410876,410191
2,411120,411161,411168,411162,410479
5,411430,411448,411455,411449,410767
3,411720,411734,411742,411735,411055
6,411990,412021,412030,412021,411343
1,412360,412308,412317,412307,411631
2,412600,412594,412604,412594,411919
4,412870,412881,412891,412880,412207
3,413200,413167,413178,413166,412494
5,413420,413454,413465,413452,412782
6,413730,413741,413752,413739,413070
2,414330,414310,414318,414313,413646
1,414620,414596,414605,414599,413934
4,414870,414883,414892,414885,414222
5,415140,415169,415179,415171,414510
3,415440,415455,415466,415457,414797
6,415710,415742,415753,415743,415085
2,416070,416028,416040,416029,415373
4,416340,416314,416326,416315,415661
1,416640,416601,416613,416601,415949
3,416870,416887,416900,416887,416237
5,417160,417173,417187,417173,416525
6,417440,417460,417474,417459,416813
4,418030,418026,418040,418026,417388
2,418270,418314,418327,418313,417676
3,418590,418602,418613,418600,417964
1,418890,418889,418900,418888,418252
5,419170,419177,419187,419175,418540
6,419450,419464,419473,419462,418828
4,419740,419752,419760,419749,419115
3,420050,420039,420047,420037,419403
2,420330,420327,420333,420324,419691
5,420630,420615,420620,420611,419979
1,420910,420902,420907,420898,420267
6,421210,421190,421193,421186,420555
3,421810,421766,421774,421777,421131
4,422090,422055,422060,422065,421418
5,422330,422344,422347,422352,421706
2,422570,422633,422634,422640,421994
1,422930,422922,422921,422928,422282
6,423150,423212,423208,423215,422570
3,423520,423501,423495,423503,422858
5,423800,423790,423782,423791,423146
4,424120,424079,424069,424078,423434
1,424380,424368,424356,424366,423721
2,424640,424657,424643,424654,424009
6,424970,424947,424929,424941,424297
5,425490,425507,425507,425516,424873
3,425800,425795,425794,425802,425161
1,426090,426083,426081,426088,425449
4,426380,426371,426368,426374,425737
2,426630,426659,426655,426660,426024
6,426920,426947,426942,426946,426312
5,427280,427236,427229,427232,426600
1,427540,427524,427516,427518,426888
3,427800,427812,427803,427804,427176
2,428070,428100,428090,428090,427464
4,428400,428388,428377,428376,427752
6,428670,428676,428664,428662,428040
1,429220,429228,429232,429224,428615
5,429520,429515,429518,429511,428903
2,429770,429802,429805,429798,429191
3,430040,430089,430092,430084,429479
4,430350,430376,430379,430371,429767
6,430680,430664,430666,430658,430055
1,430950,430951,430953,430944,430342
2,431230,431238,431240,431231,430630
5,431520,431525,431526,431517,430918
4,431840,431812,431813,431804,431206
3,432120,432099,432100,432091,431494
6,432370,432386,432387,432377,431782
2,433000,432959,432964,432964,432358
1,433260,433247,433251,433252,432645
5,433550,433535,433538,433539,432933
3,433820,433823,433825,433827,433221
4,434100,434111,434112,434115,433509
6,434300,434399,434399,434403,433797
2,434690,434688,434686,434691,434085
5,435010,434976,434973,434978,434373
1,435290,435264,435260,435266,434661
4,435560,435552,435547,435554,434948
3,435860,435840,435834,435842,435236
6,436120,436128,436121,436130,435524
5,436700,436698,436701,436706,436100
2,436980,436987,436988,436994,436388
4,437310,437276,437275,437282,436676
1,437550,437565,437563,437569,436964
3,437790,437853,437850,437857,437251
6,438130,438142,438137,438145,437539
5,438490,438431,438424,438432,437827
4,438790,438720,438711,438720,438115
2,439000,439009,438998,439007,438403
3,439290,439297,439286,439295,438691
1,439570,439586,439573,439583,438979
6,439860,439875,439860,439870,439266
4,440460,440439,440441,440446,439842
5,440720,440729,440729,440734,440130
3,440990,441018,441016,441022,440418
2,441270,441308,441304,441310,440706
1,441580,441597,441591,441598,440994
6,441890,441887,441878,441886,441282
4,442220,442176,442166,442174,441569
3,442450,442466,442453,442462,441857
5,442760,442755,442741,442750,442145
1,443030,443045,443028,443038,442433
2,443360,443334,443315,443326,442721
6,443630,443624,443603,443614,443009
3,444190,444190,444188,444205,443585
4,444510,444479,444476,444492,443872
1,444750,444769,444764,444779,444160
5,445010,445058,445051,445066,444448
2,445360,445348,445339,445353,444736
6,445640,445637,445627,445640,445024
3,445970,445927,445914,445927,445312
1,446270,446216,446202,446214,445600
4,446510,446506,446490,446501,445888
2,446750,446795,446778,446788,446175
5,447060,447085,447065,447075,446463
6,447380,447374,447353,447362,446751
1,447930,447922,447923,447924,447327
3,448230,448210,448210,448210,447615
4,448470,448497,448498,448496,447903
5,448780,448784,448785,448782,448190
2,449000,449072,449073,449068,448478
6,449350,449359,449360,449354,448766
1,449670,449646,449648,449640,449054
4,449900,449934,449935,449926,449342
3,450250,450221,450223,450211,449630
2,450490,450508,450510,450497,449918
5,450800,450796,450798,450783,450206
6,451090,451083,451086,451069,450493
4,451630,451643,451652,451641,451069
1,451920,451930,451939,451928,451357
3,452190,452218,452227,452216,451645
5,452530,452505,452514,452503,451933
2,452760,452792,452801,452791,452221
6,453100,453079,453089,453078,452509
4,453410,453367,453376,453365,452796
3,453650,453654,453663,453653,453084
1,453960,453941,453951,453940,453372
2,454200,454228,454238,454228,453660
5,454520,454516,454525,454515,453948
6,454790,454803,454812,454803,454236
3,455430,455380,455390,455384,454812
4,455720,455669,455678,455673,455099
2,455930,455958,455965,455963,455387
1,456230,456247,456253,456252,455675
5,456540,456536,456540,456541,455963
6,456770,456825,456827,456830,456251
3,457110,457114,457115,457120,456539
2,457400,457403,457402,457409,456827
4,457730,457692,457690,457698,457115
5,458020,457981,457977,457987,457402
1,458280,458270,458264,458277,457690
6,458540,458559,458552,458566,457978
2,459200,459141,459143,459157,458554
3,459460,459432,459431,459446,458842
5,459710,459723,459719,459735,459130
4,460010,460013,460007,460024,459417
1,460310,460304,460295,460314,459705
6,460560,460595,460583,460603,459993
2,460920,460885,460871,460892,460281
5,461190,461176,461159,461181,460569
3,461450,461467,461447,461471,460857
1,461770,461757,461734,461760,461145
4,462050,462048,462022,462049,461433
6,462340,462339,462310,462338,461720
5,462900,462903,462899,462914,462296
2,463180,463193,463187,463202,462584
1,463500,463484,463476,463491,462872
3,463780,463775,463764,463779,463160
4,464020,464065,464052,464067,463448
6,464320,464356,464341,464356,463736
5,464670,464647,464629,464644,464023
1,464950,464937,464917,464933,464311
2,465260,465228,465205,465221,464599
4,465530,465519,465494,465509,464887
3,465810,465809,465782,465798,465175
6,466080,466100,466070,466086,465463
1,466640,466660,466654,466665,466039
5,466920,466949,466943,466953,466326
4,467290,467239,467231,467241,466614
2,467550,467528,467520,467529,466902
3,467800,467818,467808,467818,467190
6,468110,468107,468097,468106,467478
1,468380,468397,468385,468394,467766
4,468680,468686,468674,468682,468054
5,468980,468976,468962,468971,468341
3,469250,469266,469251,469259,468629
2,469550,469555,469540,469547,468917
6,469850,469845,469828,469835,469205
4,470440,470408,470408,470418,469781
1,470690,470697,470696,470706,470069
5,470960,470987,470985,470993,470357
2,471290,471276,471274,471280,470644
3,471580,471565,471562,471567,470932
6,471820,471855,471851,471855,471220
4,472150,472144,472140,472142,471508
5,472410,472433,472428,472429,471796
1,472700,472722,472717,472716,472084
3,473000,473012,473005,473004,472372
2,473320,473301,473294,473291,472660
6,473620,473590,473583,473578,472947
5,474130,474143,474150,474143,473523
4,474450,474431,474438,474430,473811
3,474700,474720,474727,474718,474099
1,474980,475008,475015,475005,474387
2,475240,475296,475303,475292,474675
6,475550,475584,475592,475580,474963
5,475930,475873,475880,475867,475250
3,476170,476161,476168,476154,475538
4,476460,476449,476457,476442,475826
2,476730,476738,476745,476729,476114
1,477020,477026,477033,477016,476402
6,477320,477314,477322,477304,476690
3,477890,477881,477894,477881,477265
5,478190,478171,478182,478170,477553
2,478450,478460,478470,478460,477841
4,478780,478749,478759,478749,478129
1,479020,479039,479047,479039,478417
6,479270,479328,479335,479329,478705
3,479580,479617,479623,479618,478993
2,479910,479906,479912,479908,479281
5,480230,480196,480200,480197,479568
1,480490,480485,480488,480487,479856
4,480800,480774,480776,480776,480144
6,481070,481064,481064,481066,480432
2,481660,481645,481654,481670,481008
3,481950,481937,481943,481958,481296
1,482240,482229,482231,482247,481584
5,482480,482521,482520,482535,481871
4,482840,482813,482808,482824,482159
6,483070,483105,483097,483112,482447
2,483450,483396,483386,483401,482735
1,483730,483688,483674,483690,483023
3,483960,483980,483963,483978,483311
4,484280,484272,484252,484267,483599
5,484560,484564,484540,484555,483887
6,484860,484856,484829,484844,484174
1,485410,485400,485401,485416,484750
2,485660,485689,485689,485701,485038
3,485970,485977,485978,485985,485326
5,486250,486266,486266,486270,485614
4,486550,486555,486555,486554,485902
6,486850,486843,486843,486839,486190
1,487140,487132,487132,487123,486477
2,487410,487421,487420,487407,486765
3,487670,487710,487709,487692,487053
4,488010,487998,487997,487976,487341
5,488300,488287,488285,488261,487629
6,488550,488576,488574,488545,487917
1,489100,489104,489117,489096,488492
2,489350,489389,489405,489380,488780
3,489640,489673,489692,489664,489068
4,489910,489958,489980,489947,489356
5,490200,490242,490267,490231,489644
6,490530,490527,490555,490515,489932
1,490860,490812,490842,490799,490220
2,491120,491096,491129,491082,490508
3,491360,491381,491417,491366,490795
4,491640,491665,491704,491650,491083
5,491940,491950,491992,491934,491371
6,492230,492235,492279,492217,491659
1,492810,492793,492824,492807,492235
2,493060,493079,493111,493090,492523
3,493360,493365,493398,493373,492811
4,493620,493650,493684,493656,493098
5,493880,493936,493971,493939,493386
6,494180,494222,494257,494222,493674
1,494560,494508,494544,494505,493962
2,494830,494793,494831,494788,494250
3,495100,495079,495117,495071,494538
4,495380,495365,495404,495354,494826
5,495650,495650,495690,495637,495114
6,495930,495936,495977,495920,495401
1,496420,496470,496506,496472,495977
2,496700,496754,496792,496753,496265
3,497020,497037,497077,497035,496553
4,497340,497321,497362,497317,496841
5,497600,497605,497648,497598,497129
6,497910,497888,497933,497880,497416
1,498190,498172,498218,498162,497704
2,498460,498455,498504,498443,497992
3,498710,498739,498789,498725,498280
4,499010,499022,499074,499007,498568
5,499300,499306,499359,499288,498856
6,499590,499590,499645,499570,499144
1,500120,500136,500176,500142,499719
2,500420,500420,500461,500423,500007
3,500700,500703,500745,500705,500295
4,501000,500986,501029,500987,500583
5,501220,501269,501313,501268,500871
6,501540,501552,501597,501550,501159
1,501860,501835,501881,501832,501447
2,502110,502119,502165,502113,501735
3,502400,502402,502450,502395,502022
4,502700,502685,502734,502677,502310
5,502970,502968,503018,502958,502598
6,503250,503251,503302,503240,502886
1,503750,503794,503836,503797,503462
2,504040,504078,504119,504079,503750
3,504340,504361,504402,504361,504038
4,504640,504645,504685,504644,504325
5,504930,504929,504969,504926,504613
6,505220,505213,505252,505208,504901
1,505550,505496,505535,505490,505189
2,505760,505780,505818,505773,505477
3,506040,506064,506101,506055,505765
4,506350,506347,506384,506337,506053
5,506640,506631,506668,506619,506340
6,506930,506915,506951,506902,506628
1,507440,507466,507501,507481,507204
2,507740,507751,507783,507764,507492
3,508040,508036,508066,508046,507780
4,508300,508322,508349,508328,508068
5,508580,508607,508632,508611,508356
6,508890,508892,508914,508893,508643
1,509230,509177,509197,509175,508931
2,509500,509462,509480,509458,509219
3,509750,509748,509762,509740,509507
4,510010,510033,510045,510022,509795
5,510320,510318,510328,510305,510083
6,510610,510603,510611,510587,510371
1,511130,511138,511161,511143,510946
2,511410,511422,511443,511425,511234
3,511690,511706,511725,511707,511522
4,511960,511990,512008,511989,511810
5,512260,512273,512290,512271,512098
6,512550,512557,512572,512553,512386
1,512880,512841,512855,512835,512674
2,513150,513124,513137,513117,512962
3,513410,513408,513419,513399,513249
4,513690,513692,513701,513682,513537
5,513980,513975,513984,513964,513825
6,514220,514259,514266,514246,514113
1,514790,514806,514827,514813,514689
2,515070,515091,515110,515097,514977
3,515360,515377,515392,515381,515265
4,515630,515662,515674,515664,515552
5,515950,515948,515956,515948,515840
6,516190,516233,516239,516232,516128
1,516580,516518,516521,516516,516416
2,516840,516804,516803,516800,516704
3,517110,517089,517085,517084,516992
4,517350,517375,517368,517368,517280
5,517660,517660,517650,517652,517567
6,517960,517945,517932,517936,517855
1,518470,518498,518510,518520,518431
2,518810,518785,518793,518804,518719
3,519070,519072,519075,519087,519007
4,519340,519360,519358,519371,519295
5,519640,519647,519641,519655,519583
6,519940,519934,519923,519938,519870
1,520240,520222,520206,520222,520158
2,520530,520509,520489,520505,520446
3,520780,520796,520771,520789,520734
4,521110,521083,521054,521073,521022
5,521400,521371,521337,521356,521310
6,521630,521658,521619,521640,521598
1,522160,522186,522191,522193,522173
2,522440,522472,522474,522477,522461
3,522730,522758,522757,522761,522749
4,523030,523045,523040,523044,523037
5,523340,523331,523323,523328,523325
6,523620,523617,523606,523612,523613
1,523930,523903,523889,523895,523901
2,524200,524189,524171,524179,524189
3,524440,524476,524454,524462,524476
4,524740,524762,524737,524746,524764
5,525070,525048,525020,525030,525052
6,525340,525334,525303,525313,525340
